filename,slide_id,specimen_id,species,clade,image_type,mounting,pixel_size_um,preservation,analysis_set,sra_accession,genome_accession,notes
Process_312_raw_green.ome.tiff,312,3374,D. monticola,monticola B,brightfield,dry,0.12,Dried Blood,True,SRX19955091,GCA_031753675.1,
Process_313_raw_green.ome.tiff,313,3375,D. monticola,monticola B,brightfield,dry,0.12,Dried Blood,True,SRX19955091,GCA_031753675.1,
Process_314_raw_green.ome.tiff,314,3372,D. fuscus,fuscus B,brightfield,dry,0.12,Dried Blood,True,SRX20497025,GCA_032353935.1,
Process_315_raw_green.ome.tiff,315,3373,D. fuscus,fuscus B,brightfield,dry,0.12,Dried Blood,True,SRX20497025,GCA_032353935.1,
Process_316_raw_green.ome.tiff,316,3371,D. ochrophaeus,ochrophaeus,brightfield,dry,0.12,Dried Blood,True,,,
Process_317_raw_green.ome.tiff,317,3355,D. mavrokoilius,quadramaculatus C,brightfield,dry,0.12,Dried Blood,True,SRX20503049,GCA_032354855.1,
Process_318_raw_green.ome.tiff,318,3392,D. welteri,welteri,brightfield,dry,0.12,Dried Blood,True,SRX19958882,GCA_030264495.1,
Process_319_raw_green.ome.tiff,319,3393,D. welteri,welteri,brightfield,dry,0.12,Dried Blood,True,SRX19958882,GCA_030264495.1,
Process_320_raw_green.ome.tiff,320,3401,D. fuscus,fuscus A,brightfield,dry,0.12,Dried Blood,True,SRX20497025,GCA_032353935.1,
Process_321_raw_green.ome.tiff,321,3402,D. fuscus,fuscus A,brightfield,dry,0.12,Dried Blood,True,SRX20497025,GCA_032353935.1,
Process_322_raw_green.ome.tiff,322,3416,D. ochrophaeus,ochrophaeus,brightfield,dry,0.12,Dried Blood,True,,,
Process_324_raw_green.ome.tiff,324,3462,D. auriculatus,auriculatus A,brightfield,dry,0.12,Dried Blood,True,SRX19953419,GCA_030264895.1,
Process_331_raw_green.ome.tiff,331,3463,D. auriculatus,auriculatus A,brightfield,dry,0.12,Dried Blood,True,SRX19953419,GCA_030264895.1,
Process_333_raw_green.ome.tiff,333,3444,D. marmoratus,marmoratus E,brightfield,dry,0.12,Dried Blood,True,SRX19954879,GCA_031753695.1,
Process_334_raw_green.ome.tiff,334,3445,D. marmoratus,marmoratus E,brightfield,dry,0.12,Dried Blood,True,SRX19954879,GCA_031753695.1,
Process_335_raw_green.ome.tiff,335,3426,D. intermedius,marmoratus C,brightfield,dry,0.12,Dried Blood,True,SRX20502776,GCA_032275315.1,
Process_336_raw_green.ome.tiff,336,3428,D. intermedius,marmoratus C,brightfield,dry,0.12,Dried Blood,True,SRX20502776,GCA_032275315.1,
Process_337_raw_green.ome.tiff,337,3442,D. amphileucus,quadramaculatus A,brightfield,dry,0.12,Dried Blood,True,SRX20502537,GCA_032360725.1,
Process_338_raw_green.ome.tiff,338,3437,D. amphileucus,quadramaculatus A,brightfield,dry,0.12,Dried Blood,True,SRX20502537,GCA_032360725.1,
Process_339_raw_green.ome.tiff,339,3422,D. kanawha,quadramaculatus D,brightfield,dry,0.12,Dried Blood,True,SRX20502939,GCA_032353855.1,
Process_340_raw_green.ome.tiff,340,3421,D. mavrokoilius,quadramaculatus E,brightfield,dry,0.12,Dried Blood,True,SRX20503049,GCA_032354855.1,
Process_341_raw_green.ome.tiff,341,3423,D. kanawha,quadramaculatus D,brightfield,dry,0.12,Dried Blood,True,SRX20502939,GCA_032353855.1,
Process_342_raw_green.ome.tiff,342,3440,D. anicetus,conanti F,brightfield,dry,0.12,Dried Blood,True,SRX21425396,GCA_033119125.1,
Process_343_raw_green.ome.tiff,343,3441,D. anicetus,conanti F,brightfield,dry,0.12,Dried Blood,True,SRX21425396,GCA_033119125.1,
Process_344_raw_green.ome.tiff,344,3419,D. mavrokoilius,quadramaculatus E,brightfield,dry,0.12,Dried Blood,True,SRX20503049,GCA_032354855.1,lots of ejected nuclei
Process_345_raw_green.ome.tiff,345,3429,D. gvnigeusgwotli,quadramaculatus F,brightfield,dry,0.12,Dried Blood,True,SRX20502827,GCA_032353775.1,
Process_346_raw_green.ome.tiff,346,3431,D. campi,conanti A,brightfield,dry,0.12,Dried Blood,True,SRX21425398,GCA_033118305.1,
Process_347_raw_green.ome.tiff,347,3432,D. campi,conanti A,brightfield,dry,0.12,Dried Blood,True,SRX21425398,GCA_033118305.1,
Process_348_raw_green.ome.tiff,348,3464,D. brimleyorum,brimleyorum,brightfield,dry,0.12,Dried Blood,True,,,
Process_349_raw_green.ome.tiff,349,3468,D. brimleyorum,brimleyorum,brightfield,dry,0.12,Dried Blood,True,,,
Process_350_raw_green.ome.tiff,350,3360,D. tilleyi,conanti Beta,brightfield,dry,0.12,Dried Blood,True,SRX21394251,GCA_034782015.1,
Process_351_raw_green.ome.tiff,351,3356,D. tilleyi,conanti Beta,brightfield,dry,0.12,Dried Blood,True,SRX21394251,GCA_034782015.1,
Process_352_raw_green.ome.tiff,352,3418,,,brightfield,dry,0.12,Dried Blood,False,,,
Process_353_raw_green.ome.tiff,353,3513,D. ocoee,apalachicolae A2,brightfield,dry,0.12,Dried Blood,True,SRX19952863,GCA_030264995.1,
Process_354_raw_green.ome.tiff,354,3517,D. perlapsus,ocoee D,brightfield,dry,0.12,Dried Blood,True,SRX20503048,GCA_032275285.1,
Process_355_raw_green.ome.tiff,355,3518,D. perlapsus,ocoee D,brightfield,dry,0.12,Dried Blood,True,SRX20503048,GCA_032275285.1,
Process_356_raw_green.ome.tiff,356,3471,D. apalachicolae,apalachicolae A1,brightfield,dry,0.12,Dried Blood,True,SRX19952657,GCA_030264955.1,
Process_357_raw_green.ome.tiff,357,3472,D. apalachicolae,apalachicolae A1,brightfield,dry,0.12,Dried Blood,True,SRX19952657,GCA_030264955.1,
Process_358_raw_green.ome.tiff,358,3599,D. perlapsus,ocoee D,brightfield,dry,0.12,Dried Blood,True,SRX20503048,GCA_032275285.1,
Process_359_raw_green.ome.tiff,359,3455,D. bairdi,fuscus D,brightfield,dry,0.12,Dried Blood,True,SRX21425397,GCA_034783875.1,
Process_360_raw_green.ome.tiff,360,3456,D. lycos,fuscus C,brightfield,dry,0.12,Dried Blood,True,SRX21425400,GCA_035049765.1,
Process_361_raw_green.ome.tiff,361,3437,D. amphileucus,quadramaculatus A,brightfield,dry,0.12,Dried Blood,True,SRX20502537,GCA_032360725.1,
Process_362_raw_green.ome.tiff,362,3458,D. valtos,auriculatus C,brightfield,dry,0.12,Dried Blood,True,SRX20503015,GCA_032357565.1,
Process_363_raw_green.ome.tiff,363,3459,D. valtos,auriculatus C,brightfield,dry,0.12,Dried Blood,True,SRX20503015,GCA_032357565.1,high rate of enucleuated cells
Process_364_raw_green.ome.tiff,364,3506,D. ocoee,ocoee FGH,brightfield,dry,0.12,Dried Blood,True,SRX19952863,GCA_030264995.1,
Process_365_raw_green.ome.tiff,365,3507,D. ocoee,ocoee FGH,brightfield,dry,0.12,Dried Blood,True,SRX19952863,GCA_030264995.1,
Process_366_raw_green.ome.tiff,366,3521,D. folkertsi,folkertsi,brightfield,dry,0.12,Dried Blood,True,,,
Process_367_raw_green.ome.tiff,367,3520,D. folkertsi,folkertsi,brightfield,dry,0.12,Dried Blood,True,,,
Process_368_raw_green.ome.tiff,368,3374,D. monticola,monticola B,brightfield,dry,0.12,Dried Blood,True,SRX19955091,GCA_031753675.1,
Process_369_raw_green.ome.tiff,369,3375,D. monticola,monticola B,brightfield,dry,0.12,Dried Blood,True,SRX19955091,GCA_031753675.1,
Process_370_raw_green.ome.tiff,370,3372,D. fuscus,fuscus B,brightfield,dry,0.12,Dried Blood,True,SRX20497025,GCA_032353935.1,
Process_371_raw_green.ome.tiff,371,3373,D. fuscus,fuscus B,brightfield,dry,0.12,Dried Blood,True,SRX20497025,GCA_032353935.1,
Process_372_raw_green.ome.tiff,372,3371,D. ochrophaeus,ochrophaeus,brightfield,dry,0.12,Dried Blood,True,,,
Process_373_raw_green.ome.tiff,373,3355,D. mavrokoilius,quadramaculatus C,brightfield,dry,0.12,Dried Blood,True,SRX20503049,GCA_032354855.1,
Process_374_raw_green.ome.tiff,374,3392,D. welteri,welteri,brightfield,dry,0.12,Dried Blood,True,SRX19958882,GCA_030264495.1,
Process_375_raw_green.ome.tiff,375,3393,D. welteri,welteri,brightfield,dry,0.12,Dried Blood,True,SRX19958882,GCA_030264495.1,
Process_376_raw_green.ome.tiff,376,3401,D. fuscus,fuscus A,brightfield,dry,0.12,Dried Blood,True,SRX20497025,GCA_032353935.1,
Process_377_raw_green.ome.tiff,377,3402,D. fuscus,fuscus A,brightfield,dry,0.12,Dried Blood,True,SRX20497025,GCA_032353935.1,
Process_379_raw_green.ome.tiff,379,3462,D. auriculatus,auriculatus A,brightfield,dry,0.12,Dried Blood,True,SRX19953419,GCA_030264895.1,
Process_380_raw_green.ome.tiff,380,3463,D. auriculatus,auriculatus A,brightfield,dry,0.12,Dried Blood,True,SRX19953419,GCA_030264895.1,
Process_381_raw_green.ome.tiff,381,3444,D. marmoratus,marmoratus E,brightfield,dry,0.12,Dried Blood,True,SRX19954879,GCA_031753695.1,
Process_382_raw_green.ome.tiff,382,3445,D. marmoratus,marmoratus E,brightfield,dry,0.12,Dried Blood,True,SRX19954879,GCA_031753695.1,
Process_384_raw_green.ome.tiff,384,3442,D. amphileucus,quadramaculatus A,brightfield,dry,0.12,Dried Blood,True,SRX20502537,GCA_032360725.1,
Process_354_green.ome.tiff,354,3517,D. perlapsus,ocoee D,pmount,pmount,0.12,Dried Blood,True,SRX20503048,GCA_032275285.1,
Process_355_green.ome.tiff,355,3518,D. perlapsus,ocoee D,pmount,pmount,0.12,Dried Blood,True,SRX20503048,GCA_032275285.1,
Process_356_green.ome.tiff,356,3471,D. apalachicolae,apalachicolae A1,pmount,pmount,0.12,Dried Blood,True,SRX19952657,GCA_030264955.1,
Process_357_green.ome.tiff,357,3472,D. apalachicolae,apalachicolae A1,pmount,pmount,0.12,Dried Blood,True,SRX19952657,GCA_030264955.1,
Process_358_green.ome.tiff,358,3599,D. perlapsus,ocoee D,pmount,pmount,0.12,Dried Blood,True,SRX20503048,GCA_032275285.1,
Process_359_green.ome.tiff,359,3455,D. bairdi,fuscus D,pmount,pmount,0.12,Dried Blood,True,SRX21425397,GCA_034783875.1,
Process_360_green.ome.tiff,360,3456,D. lycos,fuscus C,pmount,pmount,0.12,Dried Blood,True,SRX21425400,GCA_035049765.1,
Process_361_green.ome.tiff,361,3437,D. amphileucus,quadramaculatus A,pmount,pmount,0.12,Dried Blood,True,SRX20502537,GCA_032360725.1,
Process_362_green.ome.tiff,362,3458,D. valtos,auriculatus C,pmount,pmount,0.12,Dried Blood,True,SRX20503015,GCA_032357565.1,
Process_363_green.ome.tiff,363,3459,D. valtos,auriculatus C,pmount,pmount,0.12,Dried Blood,True,SRX20503015,GCA_032357565.1,high rate of enucleuated cells
Process_364_green.ome.tiff,364,3506,D. ocoee,ocoee FGH,pmount,pmount,0.12,Dried Blood,True,SRX19952863,GCA_030264995.1,
Process_365_green.ome.tiff,365,3507,D. ocoee,ocoee FGH,pmount,pmount,0.12,Dried Blood,True,SRX19952863,GCA_030264995.1,
Process_366_green.ome.tiff,366,3521,D. folkertsi,folkertsi,pmount,pmount,0.12,Dried Blood,True,,,
Process_367_green.ome.tiff,367,3520,D. folkertsi,folkertsi,pmount,pmount,0.12,Dried Blood,True,,,
Process_368_green.ome.tiff,368,3428,D. intermedius,marmoratus C,pmount,pmount,0.12,Dried Blood,True,SRX20502776,GCA_032275315.1,
Process_369_green.ome.tiff,369,3419,D. mavrokoilius,quadramaculatus E,pmount,pmount,0.12,Dried Blood,True,SRX20503049,GCA_032354855.1,
Process_370_green.ome.tiff,370,3429,D. gvnigeusgwotli,quadramaculatus F,pmount,pmount,0.12,Dried Blood,True,SRX20502827,GCA_032353775.1,
Process_371_green.ome.tiff,371,3513,D. ocoee,apalachicolae A2,pmount,pmount,0.12,Dried Blood,True,SRX19952863,GCA_030264995.1,
Process_372_green.ome.tiff,372,3434,,,pmount,pmount,0.12,Dried Blood,False,,,
Process_373_green.ome.tiff,373,3472,D. apalachicolae,apalachicolae A1,pmount,pmount,0.12,Dried Blood,True,SRX19952657,GCA_030264955.1,
Process_374_green.ome.tiff,374,3432,D. campi,conanti A,pmount,pmount,0.12,Dried Blood,True,SRX21425398,GCA_033118305.1,
Process_375_green.ome.tiff,375,3464,D. brimleyorum,brimleyorum,pmount,pmount,0.12,Dried Blood,True,,,
Process_376_green.ome.tiff,376,3468,D. brimleyorum,brimleyorum,pmount,pmount,0.12,Dried Blood,True,,,
Process_377_green.ome.tiff,377,3360,D. tilleyi,conanti Beta,pmount,pmount,0.12,Dried Blood,True,SRX21394251,GCA_034782015.1,
Process_378_green.ome.tiff,378,3517,D. perlapsus,ocoee D,pmount,pmount,0.12,Dried Blood,True,SRX20503048,GCA_032275285.1,
Process_379_green.ome.tiff,379,3356,D. tilleyi,conanti Beta,pmount,pmount,0.12,Dried Blood,True,SRX21394251,GCA_034782015.1,
Process_380_green.ome.tiff,380,3441,D. anicetus,conanti F,pmount,pmount,0.12,Dried Blood,True,SRX21425396,GCA_033119125.1,
Process_381_green.ome.tiff,381,3518,D. perlapsus,ocoee D,pmount,pmount,0.12,Dried Blood,True,SRX20503048,GCA_032275285.1,
Process_382_green.ome.tiff,382,3599,D. perlapsus,ocoee D,pmount,pmount,0.12,Dried Blood,True,SRX20503048,GCA_032275285.1,
Process_383_green.ome.tiff,383,3418,,,pmount,pmount,0.12,Dried Blood,False,,,
Process_384_green.ome.tiff,384,3459,D. valtos,auriculatus C,pmount,pmount,0.12,Dried Blood,True,SRX20503015,GCA_032357565.1,
Process_385_green.ome.tiff,385,3455,D. bairdi,fuscus D,pmount,pmount,0.12,Dried Blood,True,SRX21425397,GCA_034783875.1,
Process_386_green.ome.tiff,386,3456,D. lycos,fuscus C,pmount,pmount,0.12,Dried Blood,True,SRX21425400,GCA_035049765.1,
Process_387_green.ome.tiff,387,3457,D. lycos,fuscus C,pmount,pmount,0.12,Dried Blood,True,SRX21425400,GCA_035049765.1,
Process_388_green.ome.tiff,388,3458,D. valtos,auriculatus C,pmount,pmount,0.12,Dried Blood,True,SRX20503015,GCA_032357565.1,
Process_389_green.ome.tiff,389,3506,D. ocoee,ocoee FGH,pmount,pmount,0.12,Dried Blood,True,SRX19952863,GCA_030264995.1,
Process_390_green.ome.tiff,390,3507,D. ocoee,ocoee FGH,pmount,pmount,0.12,Dried Blood,True,SRX19952863,GCA_030264995.1,
Process_391_green.ome.tiff,391,3521,D. folkertsi,folkertsi,pmount,pmount,0.12,Dried Blood,True,,,
Process_392_green.ome.tiff,392,3520,D. folkertsi,folkertsi,pmount,pmount,0.12,Dried Blood,True,,,
Process_393_green.ome.tiff,393,168277,D. aeneus,,pmount,dry,0.12,Fixed,True,SRX19953415,GCA_030264635.1,
Process_394_green.ome.tiff,394,,,,pmount,dry,0.12,,False,,,
Process_395_green.ome.tiff,395,168277,D. aeneus,,pmount,dry,0.12,Fixed,True,SRX19953415,GCA_030264635.1,
Process_396_green.ome.tiff,396,166183,D. aeneus,,pmount,dry,0.12,Fixed,True,SRX19953415,GCA_030264635.1,
Process_397_green.ome.tiff,397,166183,D. aeneus,,pmount,dry,0.12,Fixed,True,SRX19953415,GCA_030264635.1,
Process_398_green.ome.tiff,398,92228,D. aureatus,,pmount,dry,0.12,Fixed,True,SRX20502577,GCA_032274985.1,
Process_399_green.ome.tiff,399,92227,D. aureatus,,pmount,dry,0.12,Fixed,True,SRX20502577,GCA_032274985.1,
Process_400_green.ome.tiff,400,92227,D. aureatus,,pmount,dry,0.12,Fixed,True,SRX20502577,GCA_032274985.1,
Process_401_green.ome.tiff,401,166184,D. auriculatus,,pmount,dry,0.12,Fixed,True,SRX19953419,GCA_030264895.1,
Process_402_green.ome.tiff,402,166184,D. auriculatus,,pmount,dry,0.12,Fixed,True,SRX19953419,GCA_030264895.1,
Process_403_green.ome.tiff,403,166185,D. auriculatus,,pmount,dry,0.12,Fixed,True,SRX19953419,GCA_030264895.1,
Process_404_green.ome.tiff,404,110793,D. brimleyorum,,pmount,dry,0.12,Fixed,True,,,
Process_405_green.ome.tiff,405,168405,D. brimleyorum,,pmount,dry,0.12,Fixed,True,,,
Process_406_green.ome.tiff,406,168405,D. brimleyorum,,pmount,dry,0.12,Fixed,True,,,
Process_407_green.ome.tiff,407,,,,pmount,dry,0.12,,False,,,
Process_409_green.ome.tiff,409,,,,pmount,dry,0.12,,False,,,
Process_410_green.ome.tiff,410,92122,D. cheaha,,pmount,dry,0.12,Fixed,True,SRX20502857,GCA_032353815.1,
Process_411_green.ome.tiff,411,92190,D. cheaha,,pmount,dry,0.12,Fixed,True,SRX20502857,GCA_032353815.1,
Process_412_green.ome.tiff,412,92196,D. cheaha,,pmount,dry,0.12,Fixed,True,SRX20502857,GCA_032353815.1,
Process_413_green.ome.tiff,413,32469,D. fuscus,,pmount,dry,0.12,Fixed,True,SRX20497025,GCA_032353935.1,
Process_414_green.ome.tiff,414,32470,D. fuscus,,pmount,dry,0.12,Fixed,True,SRX20497025,GCA_032353935.1,
Process_415_green.ome.tiff,415,59842,D. fuscus,,pmount,dry,0.12,Fixed,True,SRX20497025,GCA_032353935.1,
Process_416_green.ome.tiff,416,59842,D. fuscus,,pmount,dry,0.12,Fixed,True,SRX20497025,GCA_032353935.1,
Process_417_green.ome.tiff,417,52825,D. gvnigeusgwotli,,pmount,dry,0.12,Fixed,True,SRX20502827,GCA_032353775.1,
Process_418_green.ome.tiff,418,141510,D. mavrokoilius,,pmount,dry,0.12,Fixed,True,SRX20503049,GCA_032354855.1,
Process_419_green.ome.tiff,419,52826,D. gvnigeusgwotli,,pmount,dry,0.12,Fixed,True,SRX20502827,GCA_032353775.1,
Process_420_green.ome.tiff,420,32512,D. imitator,,pmount,dry,0.12,Fixed,True,,,
Process_421_green.ome.tiff,421,32524,D. imitator,,pmount,dry,0.12,Fixed,True,,,
Process_422_green.ome.tiff,422,,,,pmount,dry,0.12,,False,,,
Process_423_green.ome.tiff,423,169201,D. kanawha,,pmount,dry,0.12,Fixed,True,SRX20502939,GCA_032353855.1,
Process_424_green.ome.tiff,424,169201,D. kanawha,,pmount,dry,0.12,Fixed,True,SRX20502939,GCA_032353855.1,
Process_425_green.ome.tiff,425,169204,D. kanawha,,pmount,dry,0.12,Fixed,True,SRX20502939,GCA_032353855.1,
Process_426_green.ome.tiff,426,169204,D. kanawha,,pmount,dry,0.12,Fixed,True,SRX20502939,GCA_032353855.1,
Process_427_green.ome.tiff,427,201239,D. marmoratus,,pmount,dry,0.12,Fixed,True,SRX19954879,GCA_031753695.1,
Process_428_green.ome.tiff,428,209455,D. marmoratus,,pmount,dry,0.12,Fixed,True,SRX19954879,GCA_031753695.1,
Process_429_green.ome.tiff,429,141511,D. mavrokoilius,,pmount,dry,0.12,Fixed,True,SRX20503049,GCA_032354855.1,
Process_430_green.ome.tiff,430,169496,D. mavrokoilius,,pmount,dry,0.12,Fixed,True,SRX20503049,GCA_032354855.1,
Process_431_green.ome.tiff,431,169496,D. mavrokoilius,,pmount,dry,0.12,Fixed,True,SRX20503049,GCA_032354855.1,
Process_432_green.ome.tiff,432,52805,D. monticola,,pmount,dry,0.12,Fixed,True,SRX19955091,GCA_031753675.1,
Process_433_green.ome.tiff,433,52805,D. monticola,,pmount,dry,0.12,Fixed,True,SRX19955091,GCA_031753675.1,
Process_434_green.ome.tiff,434,146175,D. monticola,,pmount,dry,0.12,Fixed,True,SRX19955091,GCA_031753675.1,
Process_435_green.ome.tiff,435,169445,D. orestes,,pmount,dry,0.12,Fixed,True,SRX19952890,GCA_030264915.1,
Process_436_green.ome.tiff,436,91572,D. orestes,,pmount,dry,0.12,Fixed,True,SRX19952890,GCA_030264915.1,
Process_437_green.ome.tiff,437,109787,D. orestes,,pmount,dry,0.12,Fixed,True,SRX19952890,GCA_030264915.1,
Process_438_green.ome.tiff,438,141811,D. organi,,pmount,dry,0.12,Fixed,True,SRX19952929,GCA_030180145.1,
Process_439_green.ome.tiff,439,169213,,,pmount,dry,0.12,Fixed,False,,,
Process_440_green.ome.tiff,440,220829,D. wrighti,,pmount,dry,0.12,Fixed,True,SRX19958881,GCA_030265035.1,
Process_441_green.ome.tiff,441,220831,D. wrighti,,pmount,dry,0.12,Fixed,True,SRX19958881,GCA_030265035.1,
Process_442_green.ome.tiff,442,220830,D. wrighti,,pmount,dry,0.12,Fixed,True,SRX19958881,GCA_030265035.1,
Process_443_green.ome.tiff,443,220831,D. wrighti,,pmount,dry,0.12,Fixed,True,SRX19958881,GCA_030265035.1,
Process_444_green.ome.tiff,444,186085,,,pmount,dry,0.12,Fixed,False,,,
Process_445_green.ome.tiff,445,186037,,,pmount,dry,0.12,Fixed,False,,,
Process_446_green.ome.tiff,446,222609,D. santeetlah,,pmount,dry,0.12,Fixed,True,SRX19955089,GCA_031753655.1,
Process_447_green.ome.tiff,447,222615,D. santeetlah,,pmount,dry,0.12,Fixed,True,SRX19955089,GCA_031753655.1,
Process_448_green.ome.tiff,448,141144,D. welteri,,pmount,dry,0.12,Fixed,True,SRX19958882,GCA_030264495.1,
Process_449_green.ome.tiff,449,109595,D. marmoratus,,pmount,dry,0.12,Fixed,True,SRX19954879,GCA_031753695.1,
Process_450_green.ome.tiff,450,166183,D. aeneus,,pmount,pmount,0.12,Fixed,True,SRX19953415,GCA_030264635.1,
Process_451_green.ome.tiff,451,166183,D. aeneus,,pmount,pmount,0.12,Fixed,True,SRX19953415,GCA_030264635.1,
Process_452_green.ome.tiff,452,168277,D. aeneus,,pmount,pmount,0.12,Fixed,True,SRX19953415,GCA_030264635.1,
Process_453_green.ome.tiff,453,168277,D. aeneus,,pmount,pmount,0.12,Fixed,True,SRX19953415,GCA_030264635.1,
Process_454_green.ome.tiff,454,92228,D. aureatus,,pmount,pmount,0.12,Fixed,True,SRX20502577,GCA_032274985.1,
Process_455_green.ome.tiff,455,166185,D. auriculatus,,pmount,pmount,0.12,Fixed,True,SRX19953419,GCA_030264895.1,
Process_456_green.ome.tiff,456,166186,,,pmount,pmount,0.12,Fixed,False,,,
Process_457_green.ome.tiff,457,110793,D. brimleyorum,,pmount,pmount,0.12,Fixed,True,,,
Process_458_green.ome.tiff,458,32524,D. imitator,,pmount,pmount,0.12,Fixed,True,,,
Process_459_green.ome.tiff,459,166184,D. auriculatus,,pmount,pmount,0.12,Fixed,True,SRX19953419,GCA_030264895.1,
Process_460_green.ome.tiff,460,92227,D. aureatus,,pmount,pmount,0.12,Fixed,True,SRX20502577,GCA_032274985.1,
Process_461_green.ome.tiff,461,168495,D. brimleyorum,,pmount,pmount,0.12,Fixed,True,,,
Process_462_green.ome.tiff,462,168405,D. brimleyorum,,pmount,pmount,0.12,Fixed,True,,,
Process_463_green.ome.tiff,463,52826,D. gvnigeusgwotli,,pmount,pmount,0.12,Fixed,True,SRX20502827,GCA_032353775.1,
Process_464_green.ome.tiff,464,220651,D. imitator,,pmount,pmount,0.12,Fixed,True,,,
Process_465_green.ome.tiff,465,92122,D. cheaha,,pmount,pmount,0.12,Fixed,True,SRX20502857,GCA_032353815.1,
Process_466_green.ome.tiff,466,9210,,,pmount,pmount,0.12,Fixed,False,,,
Process_467_green.ome.tiff,467,92196,D. cheaha,,pmount,pmount,0.12,Fixed,True,SRX20502857,GCA_032353815.1,
Process_468_green.ome.tiff,468,32469,D. fuscus,,pmount,pmount,0.12,Fixed,True,SRX20497025,GCA_032353935.1,
Process_469_green.ome.tiff,469,32469,D. fuscus,,pmount,pmount,0.12,Fixed,True,SRX20497025,GCA_032353935.1,
Process_470_green.ome.tiff,470,32470,D. fuscus,,pmount,pmount,0.12,Fixed,True,SRX20497025,GCA_032353935.1,
Process_471_green.ome.tiff,471,59842,D. fuscus,,pmount,pmount,0.12,Fixed,True,SRX20497025,GCA_032353935.1,
Process_472_green.ome.tiff,472,59842,D. fuscus,,pmount,pmount,0.12,Fixed,True,SRX20497025,GCA_032353935.1,
Process_473_green.ome.tiff,473,59842,D. fuscus,,pmount,pmount,0.12,Fixed,True,SRX20497025,GCA_032353935.1,
Process_474_green.ome.tiff,474,52825,D. gvnigeusgwotli,,pmount,pmount,0.12,Fixed,True,SRX20502827,GCA_032353775.1,
Process_475_green.ome.tiff,475,141510,D. mavrokoilius,,pmount,pmount,0.12,Fixed,True,SRX20503049,GCA_032354855.1,
Process_476_green.ome.tiff,476,32512,D. imitator,,pmount,pmount,0.12,Fixed,True,,,
Process_477_green.ome.tiff,477,222615,D. santeetlah,,pmount,pmount,0.12,Fixed,True,SRX19955089,GCA_031753655.1,
Process_478_green.ome.tiff,478,109595,D. marmoratus,,pmount,pmount,0.12,Fixed,True,SRX19954879,GCA_031753695.1,
Process_479_green.ome.tiff,479,222609,D. santeetlah,,pmount,pmount,0.12,Fixed,True,SRX19955089,GCA_031753655.1,
Process_480_green.ome.tiff,480,162037,,,pmount,pmount,0.12,Fixed,False,,,
Process_481_green.ome.tiff,481,162037,,,pmount,pmount,0.12,Fixed,False,,,
Process_482_green.ome.tiff,482,186085,,,pmount,pmount,0.12,Fixed,False,,,
Process_483_green.ome.tiff,483,141144,D. welteri,,pmount,pmount,0.12,Fixed,True,SRX19958882,GCA_030264495.1,
Process_484_green.ome.tiff,484,220831,D. wrighti,,pmount,pmount,0.12,Fixed,True,SRX19958881,GCA_030265035.1,
Process_485_green.ome.tiff,485,220830,D. wrighti,,pmount,pmount,0.12,Fixed,True,SRX19958881,GCA_030265035.1,
Process_486_green.ome.tiff,486,91572,D. orestes,,pmount,pmount,0.12,Fixed,True,SRX19952890,GCA_030264915.1,
Process_487_green.ome.tiff,487,91572,D. orestes,,pmount,pmount,0.12,Fixed,True,SRX19952890,GCA_030264915.1,
Process_488_green.ome.tiff,488,169445,D. orestes,,pmount,pmount,0.12,Fixed,True,SRX19952890,GCA_030264915.1,
Process_489_green.ome.tiff,489,146175,D. monticola,,pmount,pmount,0.12,Fixed,True,SRX19955091,GCA_031753675.1,
Process_490_green.ome.tiff,490,141811,D. organi,,pmount,pmount,0.12,Fixed,True,SRX19952929,GCA_030180145.1,
Process_491_green.ome.tiff,491,109787,D. orestes,,pmount,pmount,0.12,Fixed,True,SRX19952890,GCA_030264915.1,
Process_492_green.ome.tiff,492,169201,D. kanawha,,pmount,pmount,0.12,Fixed,True,SRX20502939,GCA_032353855.1,
Process_493_green.ome.tiff,493,169202,D. kanawha,,pmount,pmount,0.12,Fixed,True,SRX20502939,GCA_032353855.1,
Process_494_green.ome.tiff,494,169204,D. kanawha,,pmount,pmount,0.12,Fixed,True,SRX20502939,GCA_032353855.1,
Process_495_green.ome.tiff,495,201239,D. marmoratus,,pmount,pmount,0.12,Fixed,True,SRX19954879,GCA_031753695.1,
Process_496_green.ome.tiff,496,209455,D. marmoratus,,pmount,pmount,0.12,Fixed,True,SRX19954879,GCA_031753695.1,
Process_497_green.ome.tiff,497,141511,D. mavrokoilius,,pmount,pmount,0.12,Fixed,True,SRX20503049,GCA_032354855.1,
Process_498_green.ome.tiff,498,169496,D. mavrokoilius,,pmount,pmount,0.12,Fixed,True,SRX20503049,GCA_032354855.1,
Process_499_green.ome.tiff,499,52805,D. monticola,,pmount,pmount,0.12,Fixed,True,SRX19955091,GCA_031753675.1,
Process_500_green.ome.tiff,500,169213,D. mavrokoilius,,pmount,pmount,0.12,Fixed,True,SRX20503049,GCA_032354855.1,
Process_501_green.ome.tiff,501,64631,D. valentinei,,pmount,pmount,0.12,Fixed,True,SRX19953382,GCA_030264875.1,
Process_502_green.ome.tiff,502,220829,D. wrighti,,pmount,pmount,0.12,Fixed,True,SRX19958881,GCA_030265035.1,
