slide_glass_id,process_id,scan_date,vsi_filename,drive_path
1172,354,20250516,Process_354.vsi,20250516/Slide glass_1172
1173,355,20250516,Process_355.vsi,20250516/Slide glass_1173
1174,356,20250516,Process_356.vsi,20250516/Slide glass_1174
1175,357,20250516,Process_357.vsi,20250516/Slide glass_1175
1192,358,20250516,Process_358.vsi,20250516/Slide glass_1192
1193,359,20250516,Process_359.vsi,20250516/Slide glass_1193
1194,360,20250516,Process_360.vsi,20250516/Slide glass_1194
1195,361,20250516,Process_361.vsi,20250516/Slide glass_1195
1196,362,20250516,Process_362.vsi,20250516/Slide glass_1196
1197,363,20250516,Process_363.vsi,20250516/Slide glass_1197
1198,364,20250516,Process_364.vsi,20250516/Slide glass_1198
1199,365,20250516,Process_365.vsi,20250516/Slide glass_1199
1200,366,20250516,Process_366.vsi,20250516/Slide glass_1200
1203,367,20250516,Process_367.vsi,20250516/Slide glass_1203
1207,368,20250518,Process_368.vsi,20250518/Slide glass_1207
1240,368,20250519,Process_368.vsi,20250519/Slide glass_1240
1208,369,20250518,Process_369.vsi,20250518/Slide glass_1208
1241,369,20250519,Process_369.vsi,20250519/Slide glass_1241
1209,370,20250518,Process_370.vsi,20250518/Slide glass_1209
1242,370,20250519,Process_370.vsi,20250519/Slide glass_1242
1210,371,20250518,Process_371.vsi,20250518/Slide glass_1210
1246,371,20250519,Process_371.vsi,20250519/Slide glass_1246
1211,372,20250518,Process_372.vsi,20250518/Slide glass_1211
1247,372,20250519,Process_372.vsi,20250519/Slide glass_1247
1212,373,20250518,Process_373.vsi,20250518/Slide glass_1212
1248,373,20250519,Process_373.vsi,20250519/Slide glass_1248
1213,374,20250518,Process_374.vsi,20250518/Slide glass_1213
1249,374,20250519,Process_374.vsi,20250519/Slide glass_1249
1214,375,20250518,Process_375.vsi,20250518/Slide glass_1214
1250,375,20250519,Process_375.vsi,20250519/Slide glass_1250
1215,376,20250518,Process_376.vsi,20250518/Slide glass_1215
1251,376,20250519,Process_376.vsi,20250519/Slide glass_1251
1216,377,20250518,Process_377.vsi,20250518/Slide glass_1216
1252,377,20250519,Process_377.vsi,20250519/Slide glass_1252
1217,378,20250518,Process_378.vsi,20250518/Slide glass_1217
1253,378,20250519,Process_378.vsi,20250519/Slide glass_1253
1218,379,20250518,Process_379.vsi,20250518/Slide glass_1218
1254,379,20250519,Process_379.vsi,20250519/Slide glass_1254
1219,380,20250518,Process_380.vsi,20250518/Slide glass_1219
1258,380,20250519,Process_380.vsi,20250519/Slide glass_1258
1220,381,20250518,Process_381.vsi,20250518/Slide glass_1220
1259,381,20250519,Process_381.vsi,20250519/Slide glass_1259
1221,382,20250518,Process_382.vsi,20250518/Slide glass_1221
1260,382,20250519,Process_382.vsi,20250519/Slide glass_1260
1222,383,20250518,Process_383.vsi,20250518/Slide glass_1222
1261,383,20250519,Process_383.vsi,20250519/Slide glass_1261
1224,384,20250518,Process_384.vsi,20250518/Slide glass_1224
1262,384,20250519,Process_384.vsi,20250519/Slide glass_1262
1228,385,20250518,Process_385.vsi,20250518/Slide glass_1228
1263,385,20250519,Process_385.vsi,20250519/Slide glass_1263
1229,386,20250518,Process_386.vsi,20250518/Slide glass_1229
1264,386,20250519,Process_386.vsi,20250519/Slide glass_1264
1230,387,20250518,Process_387.vsi,20250518/Slide glass_1230
1265,387,20250519,Process_387.vsi,20250519/Slide glass_1265
1249,388,20250518,Process_388.vsi,20250518/Slide glass_1249
1266,388,20250519,Process_388.vsi,20250519/Slide glass_1266
1250,389,20250518,Process_389.vsi,20250518/Slide glass_1250
1267,389,20250519,Process_389.vsi,20250519/Slide glass_1267
1251,390,20250518,Process_390.vsi,20250518/Slide glass_1251
1268,390,20250519,Process_390.vsi,20250519/Slide glass_1268
1269,391,20250519,Process_391.vsi,20250519/Slide glass_1269
1271,392,20250519,Process_392.vsi,20250519/Slide glass_1271
1289,393,20250521,Process_393.vsi,20250521/Slide glass_1289
1289,394,20250521,Process_394.vsi,20250521/Slide glass_1289
1289,395,20250521,Process_395.vsi,20250521/Slide glass_1289
1288,396,20250521,Process_396.vsi,20250521/Slide glass_1288
1288,397,20250521,Process_397.vsi,20250521/Slide glass_1288
1290,398,20250521,Process_398.vsi,20250521/Slide glass_1290
1291,399,20250521,Process_399.vsi,20250521/Slide glass_1291
1291,400,20250521,Process_400.vsi,20250521/Slide glass_1291
1293,401,20250521,Process_401.vsi,20250521/Slide glass_1293
1293,402,20250521,Process_402.vsi,20250521/Slide glass_1293
1294,403,20250521,Process_403.vsi,20250521/Slide glass_1294
1295,404,20250521,Process_404.vsi,20250521/Slide glass_1295
1296,405,20250521,Process_405.vsi,20250521/Slide glass_1296
1297,406,20250521,Process_406.vsi,20250521/Slide glass_1297
1297,407,20250521,Process_407.vsi,20250521/Slide glass_1297
1318,409,20250521,Process_409.vsi,20250521/Slide glass_1318
1318,410,20250521,Process_410.vsi,20250521/Slide glass_1318
1319,411,20250521,Process_411.vsi,20250521/Slide glass_1319
1320,412,20250521,Process_412.vsi,20250521/Slide glass_1320
1321,413,20250521,Process_413.vsi,20250521/Slide glass_1321
1322,414,20250521,Process_414.vsi,20250521/Slide glass_1322
1323,415,20250521,Process_415.vsi,20250521/Slide glass_1323
1324,416,20250521,Process_416.vsi,20250521/Slide glass_1324
1325,417,20250521,Process_417.vsi,20250521/Slide glass_1325
1326,418,20250521,Process_418.vsi,20250521/Slide glass_1326
1327,419,20250521,Process_419.vsi,20250521/Slide glass_1327
1329,420,20250521,Process_420.vsi,20250521/Slide glass_1329
1330,421,20250521,Process_421.vsi,20250521/Slide glass_1330
1331,422,20250521,Process_422.vsi,20250521/Slide glass_1331
1338,423,20250521,Process_423.vsi,20250521/Slide glass_1338
1338,424,20250521,Process_424.vsi,20250521/Slide glass_1338
1339,425,20250521,Process_425.vsi,20250521/Slide glass_1339
1340,426,20250521,Process_426.vsi,20250521/Slide glass_1340
1341,427,20250521,Process_427.vsi,20250521/Slide glass_1341
1342,428,20250521,Process_428.vsi,20250521/Slide glass_1342
1344,429,20250521,Process_429.vsi,20250521/Slide glass_1344
1345,430,20250521,Process_430.vsi,20250521/Slide glass_1345
1345,431,20250521,Process_431.vsi,20250521/Slide glass_1345
1347,432,20250521,Process_432.vsi,20250521/Slide glass_1347
1347,433,20250521,Process_433.vsi,20250521/Slide glass_1347
1348,434,20250521,Process_434.vsi,20250521/Slide glass_1348
1349,435,20250521,Process_435.vsi,20250521/Slide glass_1349
1350,436,20250521,Process_436.vsi,20250521/Slide glass_1350
1351,437,20250521,Process_437.vsi,20250521/Slide glass_1351
1352,438,20250521,Process_438.vsi,20250521/Slide glass_1352
1353,439,20250521,Process_439.vsi,20250521/Slide glass_1353
1354,440,20250521,Process_440.vsi,20250521/Slide glass_1354
1355,441,20250522,Process_441.vsi,20250522/Slide glass_1355
1381,442,20250522,Process_442.vsi,20250522/Slide glass_1381
1382,443,20250522,Process_443.vsi,20250522/Slide glass_1382
1383,444,20250522,Process_444.vsi,20250522/Slide glass_1383
1385,445,20250522,Process_445.vsi,20250522/Slide glass_1385
1387,446,20250522,Process_446.vsi,20250522/Slide glass_1387
1388,447,20250522,Process_447.vsi,20250522/Slide glass_1388
1399,448,20250522,Process_448.vsi,20250522/Slide glass_1399
1400,449,20250522,Process_449.vsi,20250522/Slide glass_1400
1402,450,20250522,Process_450.vsi,20250522/Slide glass_1402
1402,451,20250522,Process_451.vsi,20250522/Slide glass_1402
1403,452,20250522,Process_452.vsi,20250522/Slide glass_1403
1403,453,20250522,Process_453.vsi,20250522/Slide glass_1403
1404,454,20250522,Process_454.vsi,20250522/Slide glass_1404
1405,455,20250522,Process_455.vsi,20250522/Slide glass_1405
1406,456,20250522,Process_456.vsi,20250522/Slide glass_1406
1407,457,20250522,Process_457.vsi,20250522/Slide glass_1407
1408,458,20250522,Process_458.vsi,20250522/Slide glass_1408
1409,459,20250523,Process_459.vsi,20250523/Slide glass_1409
1410,460,20250523,Process_460.vsi,20250523/Slide glass_1410
1411,461,20250523,Process_461.vsi,20250523/Slide glass_1411
1411,462,20250523,Process_462.vsi,20250523/Slide glass_1411
1412,463,20250523,Process_463.vsi,20250523/Slide glass_1412
1413,464,20250523,Process_464.vsi,20250523/Slide glass_1413
1414,465,20250523,Process_465.vsi,20250523/Slide glass_1414
1415,466,20250523,Process_466.vsi,20250523/Slide glass_1415
1416,467,20250523,Process_467.vsi,20250523/Slide glass_1416
1417,468,20250523,Process_468.vsi,20250523/Slide glass_1417
1417,469,20250523,Process_469.vsi,20250523/Slide glass_1417
1418,470,20250523,Process_470.vsi,20250523/Slide glass_1418
1419,471,20250523,Process_471.vsi,20250523/Slide glass_1419
1420,472,20250523,Process_472.vsi,20250523/Slide glass_1420
1420,473,20250523,Process_473.vsi,20250523/Slide glass_1420
1421,474,20250523,Process_474.vsi,20250523/Slide glass_1421
1422,475,20250523,Process_475.vsi,20250523/Slide glass_1422
1423,476,20250523,Process_476.vsi,20250523/Slide glass_1423
1424,477,20250523,Process_477.vsi,20250523/Slide glass_1424
1425,478,20250523,Process_478.vsi,20250523/Slide glass_1425
1426,479,20250523,Process_479.vsi,20250523/Slide glass_1426
1427,480,20250523,Process_480.vsi,20250523/Slide glass_1427
1427,481,20250523,Process_481.vsi,20250523/Slide glass_1427
1428,482,20250523,Process_482.vsi,20250523/Slide glass_1428
1429,483,20250523,Process_483.vsi,20250523/Slide glass_1429
1430,484,20250523,Process_484.vsi,20250523/Slide glass_1430
1431,485,20250523,Process_485.vsi,20250523/Slide glass_1431
1435,486,20250523,Process_486.vsi,20250523/Slide glass_1435
1435,487,20250523,Process_487.vsi,20250523/Slide glass_1435
1436,488,20250523,Process_488.vsi,20250523/Slide glass_1436
1437,489,20250523,Process_489.vsi,20250523/Slide glass_1437
1438,490,20250523,Process_490.vsi,20250523/Slide glass_1438
1439,491,20250523,Process_491.vsi,20250523/Slide glass_1439
1440,492,20250523,Process_492.vsi,20250523/Slide glass_1440
1441,493,20250523,Process_493.vsi,20250523/Slide glass_1441
1442,494,20250523,Process_494.vsi,20250523/Slide glass_1442
1443,495,20250523,Process_495.vsi,20250523/Slide glass_1443
1444,496,20250523,Process_496.vsi,20250523/Slide glass_1444
1445,497,20250523,Process_497.vsi,20250523/Slide glass_1445
1446,498,20250523,Process_498.vsi,20250523/Slide glass_1446
1447,499,20250523,Process_499.vsi,20250523/Slide glass_1447
1449,500,20250523,Process_500.vsi,20250523/Slide glass_1449
1451,501,20250523,Process_501.vsi,20250523/Slide glass_1451
1450,502,20250523,Process_502.vsi,20250523/Slide glass_1450
